3,098200419572602;3,714689408542999;4,384920090221577;4,507150668344625;4,111169911343673;3,5027820109468193;2,8179735903496956;2,035419976017376;1,5303632743923101;1,407312646502897;1,9631687009795582;2,634053725762282;3,5355391774770872;4,129574269491371;4,589209781090633;4,242986935748058;3,6035894739940164;3,09220502549551;2,2409886055407577;1,4867652498020805;1,4320357906496088;1,8683986063451286;2,364314145277456;3,2912779588910146;3,9670740694148607;4,2785355230850195;4,398076839910319;4,049425400863876;3,1876805813417244;2,5324315786971785;1,7706889751251118;1,5712562619507437;1,5959731918569802;2,321419528887397;2,9335877970605817;3,8885032269622037;4,326784910444486;4,2758339161604475;4,127855517050511;3,537898600023625;2,649191852859934;2,129965719538875;1,5225626919014237;1,6535372923969116;2,0011353078750154;2,721122298492286;3,609918017513883;4,1507278930718;4,47292320068896;4,277005264198629;3,7954494784946644;2,9424730374785724;2,3196720205039147;1,8354616071642609;1,5581142400313743;2,0026507764853787;2,588347299237432;3,247450499852544;3,9306427456554984;4,345916101976787;4,1439711264496975;3,9169735995014827;3,3663573443523647;2,4413684418097894;2,023760885047959;1,8153472976176475;1,7871916387215132;2,1704461459934294;2,896086895868414;3,632476905873159;4,063503800025739;4,355991648493324;4,203797137557733;3,5104743188013177;2,820040994727151;2,1637418325280726;1,8670771340273618;1,8390705856290295;2,0638741983186657;2,7180732848585136;3,3335233713863723;3,7986776066681465;4,25717258658413;4,220090594355537;3,807872299053088;3,154303145996714;2,5819763718199433;1,9553484402077423;1,8898289504963333;1,9455307341368553;2,3817726633984555;3,0285920255563545;3,5430138243723706;4,105608714233843;4,199261262533358;3,8548929089694153;3,3747270141620014;2,711296640266286;2,201394425261244;2,0320511778492847;1,8762402755219734;2,2697125826588076;2,6630415364098976;3,3632361585785837;3,8840407998878943;4,06333120538421;4,045895482620051;3,576319979448936;3,17893181849244;2,597050232156043;2,2009797031482945;1,997234746749833;2,2289015463103503;2,512407006499817;3,114377932485058;3,531945282838173;4,000435578525932;4,064386370260824;3,8758701520961294;3,2155427885153895;2,7677872236352306;2,22018979763213;1,9320058954098345;2,079306288081447;2,3398709534709585;2,7087077907368124;3,3768005731621744;3,778382546918352;3,942322543445925;3,9514146384721034;3,5316135135378737;3,114062814321936;2,5916514932287393;2,079434997844097;2,1816550229124436;2,1926677747862584;2,540242447436432;3,110651180694901;3,4205137384513766;3,818458604633027;4,068613337259471;3,7209437004059662;3,464657108238759;2,6828839844393597;2,4145855159080742;2,198997143370119;2,12200348541769;2,4104267187069186;2,822768842043143;3,1060933759134604;;Random array std;0,08;Random array mean;3,0;First periodicity Guide std;0,8446;First periodicity Guide mean;0,0018;Random array + First periodicity std;0,8651;Random array + First periodicity mean;3,0018;Second periodicity Guide std;0,2111;Second periodicity Guide mean;0,0064;Random array + First periodicity + Second periodicity std;0,8906;Random array + First periodicity + Second periodicity mean;3,0082
2,9675732929463874;3,7167398668962925;4,24426062225578;4,5066218647549094;4,106564781213407;3,6385601613891403;2,642397980929937;2,0824533239574365;1,71528563654714;1,5926598054103385;2,004338796273812;2,717260025010682;3,4245313144653586;4,218781495733785;4,530897273673844;4,329920210023427;3,8735993379239932;3,2053363626441316;2,0992746960768156;1,7259637945661364;1,513935877346963;1,8549159936368438;2,486820826325046;3,2770394473315823;4,130593148267569;4,583100478733628;4,428897452089858;3,9101032320076974;3,17214229608368;2,3836210284660453;1,9126539653205274;1,6377447910687835;1,5964863932991011;2,2859200254575645;2,8349620464528855;3,794102151710924;4,25525519735705;4,307505109191211;4,140244839572253;3,65259454902496;2,6700459819950355;2,0450459031360615;1,7620845529883489;1,6654456663799233;2,1696674823860227;2,7243019391802754;3,3369527982644502;4,071468134032625;4,381011016295604;4,304477446064619;3,730015365458818;3,127481516452863;2,473319111534915;1,8611458530197835;1,5534585927903384;1,8761216816742394;2,383270318271399;3,175925627037149;3,824372525195495;4,199311815680311;4,30845549501433;3,9539463654649554;3,29996282629039;2,6213175535001114;1,8887624058322146;1,8081819613378074;1,7814312199373432;2,170350152531891;3,117332431595715;3,6958190291128683;3,9506362895786378;4,25882243852965;4,077033087875822;3,404003605087494;2,983385755579146;2,298682571604538;1,8099175897783315;1,8356018959929814;2,026262567190934;2,5855523251346555;3,2030826249837454;3,991212627934193;4,133240243523909;4,0890342149744265;3,6998605504743725;3,0076130008654935;2,4651579722200365;2,0161286080732306;1,875330769166255;2,0199596915700644;2,5013718673868137;3,0420916536063016;3,630683481795341;4,059700502135752;4,244630010719369;3,834970388620269;3,383584680428681;2,8830280882916055;2,1605246684256527;1,9483081493784498;1,9107177802089805;2,221712552157462;2,7703722007692098;3,4633460771878393;3,923376624505982;4,012990492724801;3,8346366558528904;3,5131065378870376;3,089565648543131;2,452294627650086;2,0964536669472973;2,0053573170738317;2,2725445529448525;2,6047733473698713;3,2290156456019905;3,750201174120284;3,894938247751476;3,9449687601853247;3,64211700850177;3,37996696716255;2,8095446565736752;2,373539378442372;1,9555236618320002;2,0292313721255133;2,3307343561224;2,8180784374737207;3,3363265047818067;3,588906725162302;3,900066380736923;3,813653252522501;3,589233562673039;2,9875816680190663;2,68159601991815;2,207437375616938;2,2128233794549237;2,2181533700776255;2,570671095620234;2,9916557353190116;3,4578103123793986;3,865821539472579;3,884338912236222;3,6713160035039625;3,2302301728155216;2,8150058846491173;2,439146740767675;2,1425346895670754;1,9332302766123748;2,3519308833759824;2,841615082569612;3,2657894132584713;;Random array std;0,08;Random array mean;3,0;First periodicity Guide std;0,8446;First periodicity Guide mean;0,0018;Random array + First periodicity std;0,8436;Random array + First periodicity mean;3,0018;Second periodicity Guide std;0,2111;Second periodicity Guide mean;0,0064;Random array + First periodicity + Second periodicity std;0,8698;Random array + First periodicity + Second periodicity mean;3,0082
3,1765894576449405;3,7100449621879834;4,434812993203489;4,360947375892077;4,266291162787898;3,508758152148336;2,5716150590195483;2,038060907969298;1,4947952189762268;1,5321079136608564;1,8777161830644766;2,7883936189000376;3,5411904470302757;4,300867138067667;4,539616434626556;4,294846388022121;3,868679449050345;2,960506008968185;2,148171312207701;1,7590507440612055;1,6446976994679687;1,790989534339361;2,521818816975859;3,208928703070964;3,9073221936985125;4,273665117733355;4,472400169960251;3,9826541551294956;3,3421480303677136;2,4827586238473027;1,8364762012341591;1,4721432757628623;1,664910700910404;2,0669444532536185;2,9463732278531163;3,627629135796777;4,291716943909614;4,463536636121464;4,159479115386722;3,547540853555384;2,827871967288548;2,1045284918417426;1,7954832540555399;1,7013666414997983;2,0514127072910693;2,738960651006885;3,423425510310391;4,095642693384475;4,3484319033822665;4,310021298054111;3,878432047565731;3,208631906083236;2,358166542957963;1,9163974127007626;1,6318499733347889;1,9312850951186953;2,556026083157768;3,3789623986632473;3,8442784268775774;4,2673729041872335;4,19978067551597;3,9923404103733473;3,3261700887577494;2,643492590363781;1,8986296203458581;1,797063289294143;1,8060077600252435;2,300809278119129;2,8851015149578507;3,5719690506084194;4,076739502565474;4,314063092780945;4,092355871233072;3,5187424441745283;2,8112619262730343;2,1151309548247226;1,8473208895364843;1,6567405537040265;1,959752488868303;2,7493506507997103;3,3512825247624387;3,8608099607557533;4,026039174141123;4,221427969749885;3,8041059118886493;3,1670699587451834;2,5030408367883403;1,9987467735849027;1,8625183246571568;2,133991944325784;2,437704289682254;3,0775257728644956;3,672934166098305;3,970486767357035;4,085983832686177;4,048271729949726;3,5239927806720694;2,8011592054317647;2,294134424851722;1,9166668975619745;1,9126580164263225;2,410976979921336;2,830586017683804;3,28853836911469;3,858279826933814;4,0284139871694284;3,8082802859944835;3,59378748519216;2,9288530836934163;2,3976320702023353;2,051516423639128;1,9383006577588622;2,1367743112795416;2,569505398421573;3,0389156226333824;3,588537478585538;3,9112612801730777;3,987406437208989;3,8177174880836233;3,280396457856367;2,750862932585604;2,1781017652298984;2,0260018968557945;1,9828567889989488;2,3824323741103672;2,717595144558108;3,2803201737413;3,829917212553139;3,9567392556889502;3,89711010724346;3,4743347963451447;3,033094598700694;2,4928920386517848;2,193701152842721;2,0824375751837545;2,1602533499613115;2,6561386696827265;3,0956325150778445;3,4117161173214074;3,755549366126413;3,8272250338658615;3,990872999368797;3,182627327150637;2,841186529689362;2,4085943943273795;2,1354272064934317;2,156232508428648;2,435388295240435;2,807989807527691;3,1395089738198503;;Random array std;0,08;Random array mean;3,0;First periodicity Guide std;0,8446;First periodicity Guide mean;0,0018;Random array + First periodicity std;0,8545;Random array + First periodicity mean;3,0018;Second periodicity Guide std;0,2111;Second periodicity Guide mean;0,0064;Random array + First periodicity + Second periodicity std;0,8794;Random array + First periodicity + Second periodicity mean;3,0082
2,9871431872190994;3,8252297062310707;4,244487564083019;4,374507040404367;4,115011511413818;3,537924196161587;2,840319410400791;1,9215926080750996;1,720853366894747;1,5389387388405213;1,887832051551486;2,647373189170554;3,6488632414025433;4,178740349906507;4,437047146996489;4,256530431637726;3,664242010319842;3,0027955130259736;2,2181987779256827;1,6309449826972071;1,566693158746887;1,821527104232462;2,6648415455638035;3,2239986980195416;3,9301786182769125;4,295760154585504;4,349688187249081;4,0126673946634765;3,2922612784375738;2,545063035443908;1,8643749345620082;1,567221629414583;1,6793588830559203;2,218697329921397;3,1154946158716896;3,4943711671829236;4,285065229190286;4,3550204526307;4,114033305375495;3,5641278333419;2,7143726182176513;2,1750841292051337;1,5022180185515739;1,667875762300198;2,0504795754325684;2,6131071101047922;3,729612701690437;4,2253644415534275;4,352503304150591;4,29364267632651;3,793980167068603;3,0356939716090756;2,1609732660364775;1,9829309543838998;1,6499281320190764;1,9416653816360367;2,3693891873960986;3,2688987628200725;3,8096689090359375;4,353007654090643;4,328799513986901;3,927528085800377;3,271397280764471;2,584854677390459;1,9609952079943873;1,7782668949507419;1,8517923096244517;2,113337175293115;3,0277390436226552;3,6835167048805104;4,26342881546279;4,263208001898648;4,126683537426023;3,477483523441121;2,683762927215112;2,221680390436561;1,892974183334308;1,7548506474079286;2,1663154326201917;2,613333412850442;3,3421131851554566;3,8324126179207396;4,208603737613898;4,096973384480178;3,686200170501204;3,089659898380295;2,3467446387260433;2,036483938950648;1,8180665470768251;2,038079127624771;2,443875841212129;3,1468973066461383;3,656079060855843;4,026127853469314;4,137079137209435;3,849013881597139;3,4417182270075872;2,8564589996945484;2,268442315197653;2,0362776290566047;2,027552821159984;2,2569554384957953;2,781114432843048;3,4108504269116566;3,8652853782111163;4,060239836836179;3,902832965904697;3,4726417764617725;3,147287176900663;2,5929495491408803;2,182494291014895;1,9043853934427444;2,30680459305063;2,5460097152918535;3,094616031372012;3,6189267820544333;3,854382115625255;4,021888933796735;3,70302198783377;3,3103237057650716;2,8130036614892395;2,208095772787533;1,9745130976875305;2,1314921868592545;2,299554008596547;2,9343156953555876;3,2610935891681248;3,770214660281119;4,10929482537301;3,905543015187118;3,6078278759007505;3,018946944347821;2,6241309992993322;2,1967337941992127;2,086816110749703;2,2134702577476713;2,553465640377747;3,0453682128413493;3,3902314217066523;3,8493838239006015;3,8018600403288634;3,6942166856053897;3,2422974516982017;2,816456820080601;2,297921303188218;2,1563426771640475;1,988467422578835;2,318284703899339;2,9521475047655104;3,2268117858371057;;Random array std;0,08;Random array mean;3,0;First periodicity Guide std;0,8446;First periodicity Guide mean;0,0018;Random array + First periodicity std;0,8448;Random array + First periodicity mean;3,0018;Second periodicity Guide std;0,2111;Second periodicity Guide mean;0,0064;Random array + First periodicity + Second periodicity std;0,8714;Random array + First periodicity + Second periodicity mean;3,0082
3,001548751953765;3,8720803548383875;4,264611494159604;4,368010518025828;4,2622018709760585;3,514584283599979;2,7161514761309347;1,9503541872178833;1,5415384713583364;1,6930622750392341;1,7942750311279827;2,6672800420257676;3,4603643746370594;4,2059468029107006;4,484491384913426;4,38594325700292;3,6655030881782054;3,0859665545940294;2,292557345766359;1,7421772189950484;1,3527429159437303;1,942083134511879;2,425407482129361;3,2300469601670176;4,008685858540909;4,355531107840679;4,349908956250385;3,9711649161832225;3,2486874755763764;2,4479120859083308;1,857532526906949;1,6602722998983963;1,68908877502225;2,0867611150739074;2,9113589143391163;3,621588630331467;4,207747622288485;4,50101972528873;4,073579370464195;3,503030098270882;2,9278470883132908;2,1428970557923153;1,6550846213124386;1,5973970803159374;2,067417627431278;2,7140460441485814;3,449526325035202;4,127662880490014;4,168744488086651;4,192366608969627;3,7634935867685813;3,0490218615348086;2,2444880336591764;1,6828954035898374;1,8104817407089466;1,9041014280437338;2,453033309506849;3,2394352007543348;3,900517220891748;4,248676173597627;4,400868518318405;3,9252471253770373;3,2975402338061826;2,5519136029461933;1,936494525806128;1,8847718149214727;1,8483788022212393;2,3135622443489905;2,9380119818863135;3,576762646041966;4,037298167681428;4,3538730498254195;4,084267790613923;3,615655246229391;2,9812958023044063;2,2646335338853767;1,9520376421833894;1,8192432903384372;2,204889604325492;2,574677570067872;3,3751895367176203;3,8587443015002103;4,219267142060405;4,041319602136727;3,875245194291042;3,2599681019096054;2,555657598123669;2,095744564985193;1,8764650630731943;1,9584990121853767;2,400731563108116;3,0909202511189284;3,625972441179619;4,021650379978434;4,13728827119107;3,7009850194484786;3,3319770259579147;2,8485830174130737;2,086411620040022;2,047996538037372;1,892063503865371;2,2769094895983497;2,9289941390188257;3,5139843608789403;3,6808344159165913;4,010861396718211;3,9461863237662897;3,5587688037800262;3,0893119285835904;2,6854183332700092;2,0253304065433606;2,145515753906702;2,267803547289839;2,507561859224308;3,0891179062394167;3,4699052873379554;3,909947334118289;3,9571996343268623;3,655502045501099;3,16822327808943;2,7657082100327264;2,454441391476124;2,120936972487728;2,113298629010997;2,2991678906127664;2,8301706326425804;3,2927721143041344;3,676028284241656;3,9102702547551016;3,898071677402447;3,434199721887345;3,015177943649326;2,5175436394974726;2,142395539303648;2,0646840265737803;2,2420745723792175;2,680604392475402;2,956901963483847;3,5643466676432207;3,826399884140657;3,8737704903388295;3,641679101443327;3,3997783566421864;2,8063248828072505;2,399916858886127;2,1232020671206024;2,231633699810075;2,4399483527370314;2,7804660288057974;3,224210944157066;;Random array std;0,08;Random array mean;3,0;First periodicity Guide std;0,8446;First periodicity Guide mean;0,0018;Random array + First periodicity std;0,8336;Random array + First periodicity mean;3,0018;Second periodicity Guide std;0,2111;Second periodicity Guide mean;0,0064;Random array + First periodicity + Second periodicity std;0,8598;Random array + First periodicity + Second periodicity mean;3,0082
3,0338104510610417;3,803993014614791;4,288242732466393;4,607249282769434;4,134699574688987;3,5226517627082323;2,684822570417772;1,9624199744617425;1,5494527570550192;1,633886976771502;2,034620108598695;2,6869392097995117;3,4212355245189165;4,278040999812174;4,4876954177500155;4,383770697340658;3,7766462417901705;3,094491128439512;2,2403367427979406;1,6474453097720323;1,5050393079003843;1,8292968723224416;2,395290352078663;3,207804740084466;4,007889827317838;4,646338600667965;4,588267979068721;3,8357164024660766;3,2036696553664825;2,496979397024105;1,9696860422830842;1,536712857699868;1,7651478436677344;2,213086051263298;2,885001873147189;3,9254263817435238;4,310616992926038;4,345620334259385;4,156601042327001;3,485879296532101;2,7311601805617522;2,1195264296551057;1,6758274180076886;1,6043124433840554;1,9372425730254024;2,6284265223888275;3,413816726175238;4,142781499665623;4,381194309681825;4,222277378884584;3,4746710956149878;2,9990692155597483;2,295644924794094;1,7340615609212071;1,5171976703737513;1,9287031051160788;2,473586142720799;3,1308447921877627;3,898618011527533;4,347247891106235;4,349249397521101;3,963886994742011;3,4088588477196375;2,5867992753108497;2,093161562398799;1,7675784508759698;1,8905840788387531;2,187413828215848;2,904377876236523;3,662276944775993;4,042776692997183;4,197885249931597;3,962993896851634;3,5611330331773536;2,8840526358638843;2,260393840644006;1,8518889959966214;1,860414264444015;2,20793225503304;2,714848546036404;3,428157205893837;3,857902647812651;4,138872952725577;4,293132882780131;3,7478038330556838;3,0698206645287685;2,5032848966962438;1,996170276989716;1,8447198344125728;1,9740195104644476;2,465102745202709;2,878636198875414;3,6425108116595606;4,083799256936691;4,040513407374084;4,011139538465655;3,2714445810835264;2,8365313378726493;2,1565082468823182;2,0537452819547397;1,9843216443253908;2,3992566764303445;2,8806041772349067;3,2730434543112192;3,8796696036654246;3,9376307613858352;3,8113669266632413;3,531778042549595;3,095268592337752;2,4822333413424014;2,1021760530110654;1,9826352534137326;2,2440439871270605;2,4932609009023152;2,989419325920933;3,5702973863113905;3,9400987393636777;4,06797603676141;3,860128102419287;3,226690189126569;2,7492697619309125;2,4748267433463744;2,062243755403446;2,060485211110608;2,1947970569983384;2,9937283631546103;3,323574316602282;3,7548317686094523;3,893458778335177;3,9138885278289006;3,5957553526007215;3,151032632219307;2,4095700263060986;2,067408199776928;2,121502369457464;2,2104767089150332;2,656276967077455;3,0281917847626154;3,541561981834087;3,8181364301348237;3,8222949211969874;3,666189685925451;3,28664732945076;2,8535793263132687;2,4125747445685164;2,096905117876758;2,084952676165325;2,206577356335786;2,7687379886766093;3,3651068337168235;;Random array std;0,08;Random array mean;3,0;First periodicity Guide std;0,8446;First periodicity Guide mean;0,0018;Random array + First periodicity std;0,8526;Random array + First periodicity mean;3,0018;Second periodicity Guide std;0,2111;Second periodicity Guide mean;0,0064;Random array + First periodicity + Second periodicity std;0,8793;Random array + First periodicity + Second periodicity mean;3,0082
2,9860306351825643;3,6972279684914824;4,392666700308588;4,559434976598013;4,145564963240479;3,496829875368716;2,8243027945243644;1,9870275418411345;1,523673369690099;1,5651312557592283;1,9875281855965035;2,733627128093595;3,502163026681516;4,299754961432163;4,485869758710104;4,358022066753939;3,7490118259289638;2,9327615355791354;2,1272289307531613;1,6630780935048133;1,4705773322454738;1,8462427168454922;2,4796707082761875;3,2383190256554903;3,9458660654846813;4,322984767000105;4,392867213471364;4,2574422735758235;3,391673031081562;2,5778805138250256;1,8358909901584746;1,5762563666140719;1,8059721625962684;2,2016820039455975;2,9056901516324434;3,753324038884151;4,343057397734072;4,526170433301866;4,079060524839826;3,6205476425768284;2,729779963193809;1,8987550691685164;1,7459474956512857;1,649364087476222;2,0127504563523595;2,7920892089858005;3,3982788696600137;4,227258076514858;4,253082585737756;4,232596322484236;3,697815534825909;3,181190702152497;2,210642652439825;1,5811086209430911;1,6188554525483199;1,90446875387323;2,631554345084848;3,3501090276292445;3,8837838467524017;4,303167031567671;4,154126046059034;3,95083620569282;3,2473415584873373;2,727212780576272;1,9191554970482605;1,8216063463350651;1,887328738902603;2,1983792308914376;2,9333424738860354;3,607602569031143;4,219667810765237;4,162336845946578;4,005944383410248;3,5839252094985783;2,7133675065016396;2,2551899816870504;1,8260009150720418;1,8904898670429031;2,1309262920894474;2,6368137220730428;3,2216604689964425;3,993046157652265;4,111057127928646;4,226168094710059;3,6261471285570503;3,017487547196658;2,4615428446918424;2,0889214440950243;1,7680837504125022;1,9767962035794564;2,5411649294954572;2,987752091962026;3,543815708978196;4,082343960424454;4,185176785807561;3,9838468002103764;3,4248164043302967;2,8315939251242592;2,1654951880226565;1,9328141522367985;2,0090406468997815;2,1933855902465527;2,8325002051773875;3,430541994012257;3,8336663750541935;4,031249532265445;3,8210679953976983;3,66129891779706;3,1210590399899862;2,446590057019817;2,1601041682841795;1,9705898178534145;2,061125789374271;2,5825887108135768;3,017134573248665;3,5185347438799655;3,837676617038356;3,8834248062506065;3,854246462257107;3,367090122610994;2,823599461444063;2,330637547336417;2,194556585235277;2,000601032376313;2,437385928672714;2,886727396699366;3,3253228024856076;3,769371779485276;3,922043127887257;3,962798418566721;3,6245529469088282;2,8863600386667114;2,6151752363656984;2,213014634019587;2,062546325011371;2,0854172144484897;2,5114645297054334;3,0209087602420315;3,387939963247113;3,8134749173620826;3,9497633429515426;3,6826703317277154;3,4120889204048055;2,9324242777911658;2,3515108759246264;2,1648504805395534;2,026386050111249;2,290096444530419;2,733697736568189;3,2451998852249213;;Random array std;0,08;Random array mean;3,0;First periodicity Guide std;0,8446;First periodicity Guide mean;0,0018;Random array + First periodicity std;0,8553;Random array + First periodicity mean;3,0018;Second periodicity Guide std;0,2111;Second periodicity Guide mean;0,0064;Random array + First periodicity + Second periodicity std;0,8817;Random array + First periodicity + Second periodicity mean;3,0082
2,931242883472091;3,7444541500251334;4,366946308470338;4,486644970893327;4,286959405066571;3,5389315081455788;2,7254268965698576;2,0301418737527768;1,5660862519610803;1,4773467860365408;1,9655482851246482;2,843215092824309;3,4910825183962797;4,151027927958494;4,616350246956075;4,523783384057449;3,7709431553517483;2,972863993374263;2,22393251551361;1,5364024731335784;1,5904750147953797;1,8520943007166817;2,532664288059379;3,1432713780874044;3,9501371558051432;4,265585170207182;4,378944349885893;3,8844002853694035;3,2001221947508993;2,4682521487545284;1,9558784777539067;1,592212553392359;1,646866100700002;2,3096293523496016;2,9798266274184324;3,814487645264161;4,343934308492033;4,346728373807528;4,185324414123192;3,50291250881407;2,733397434260823;2,1612145149977997;1,622950619762203;1,6062974670590502;2,2570746524503593;2,7752544797429253;3,399045369571744;4,071207490229131;4,252826930563607;4,235673200384002;3,626498692694867;2,870654539097164;2,446141351009465;1,8670407205019413;1,5958027335328115;1,8045091696162563;2,5229883343639283;3,12262557137663;3,9376013495330424;4,49354574888234;4,231637674445497;3,919723171573195;3,2527837543516216;2,4922536939324256;1,9148373421197495;1,7298253325791877;1,8155697692521413;2,203071890866571;2,9515381643231;3,5696066096387318;4,230024205767789;4,1382433755517125;4,083495009629026;3,4089019604323845;2,8430790903406815;2,1947347553349803;1,804096358148926;1,940384668210405;2,073494436324603;2,7283733098479126;3,173261752860205;3,9131161362987483;4,069349606280869;4,102818071540631;3,643468407941761;3,0620513282524766;2,5032415600060394;2,1890276814415492;1,8375389943427893;1,9518252647311785;2,422211152302913;3,1750440909879987;3,5935013374111495;4,103288205523107;4,190563666091734;3,7945590371817564;3,4680827993349497;2,7848745702629287;2,2583825642501507;2,0991372797748324;1,81279658299872;2,3971128704580456;2,7909412311007022;3,288423181333933;3,807122918249787;4,056425416544674;3,9715516472435355;3,6289026209877964;3,016448312873174;2,531537697693203;2,1598291798397997;1,9547238649570977;2,2161111582457824;2,5814397946995062;3,086380763348119;3,544568087950645;3,8567041442733143;3,9672371046363706;3,7180973869921656;3,426055896409476;2,6338989544214586;2,43723728829745;2,1818213860194686;2,0375923178612108;2,2761397685909968;2,740682497502775;3,4456070603686446;3,833980855749324;4,019707612323866;3,8465017591785093;3,644488556162852;3,0778290247660234;2,517565330031854;2,0884636498257607;2,0121010281526726;2,1554671921138278;2,467625456802446;3,0329781815361168;3,5414867498331977;3,9110251232610445;3,9836936755096577;3,804095399022553;3,3618309099735106;2,908034050118833;2,411446935730136;2,1196427346182003;2,130359979000553;2,3351931607741685;2,850388386099845;3,1517963004136607;;Random array std;0,08;Random array mean;3,0;First periodicity Guide std;0,8446;First periodicity Guide mean;0,0018;Random array + First periodicity std;0,8495;Random array + First periodicity mean;3,0018;Second periodicity Guide std;0,2111;Second periodicity Guide mean;0,0064;Random array + First periodicity + Second periodicity std;0,8751;Random array + First periodicity + Second periodicity mean;3,0082
3,0496192052524713;3,90968979506529;4,229447141603014;4,490518434915011;4,124322313521713;3,4530170127834356;2,730953890926915;1,9864767557626837;1,5794639906353347;1,587337129427395;2,0412000217933164;2,713507342081457;3,6001814353793073;4,068243547265197;4,49185854082055;4,414090937119328;3,856099856029459;3,0681720809656245;2,118339550136858;1,725274854684234;1,5225539883190438;1,8251639973228295;2,2588529082310744;3,294227044879588;3,9454070832895143;4,491161133521447;4,470935287415769;4,084042770421362;3,3138089716938732;2,5402540247455083;1,7569743519854228;1,7335828424566666;1,523261005271465;2,2886617744829314;3,072744249407556;3,8067321399262286;4,26440129735881;4,405767810653068;4,143565839255405;3,3591972071939553;2,6810549082887256;2,1330476515817254;1,7264650106113593;1,6873334141958574;2,1875880795353093;2,7665839158869114;3,3670499023026026;4,055532550408774;4,404294345587758;4,368911097770934;3,797629637761026;3,0630757614347495;2,2710595036968697;1,798785556961634;1,5840630463955978;1,9196207163019092;2,3940315586248335;3,1450146534766383;3,824550488177457;4,377228249215412;4,31595138802334;3,826303637066518;3,279597441545229;2,5223952828485134;2,0643903837375306;1,7646283147756532;1,795620045080932;2,2477732992428403;2,9202717666121414;3,486597819866749;4,096242782607853;4,177895872589968;4,122244907885432;3,659690525728368;2,7720592526295884;2,175554279343391;1,8824750585919676;1,7446519148063435;2,091859996880588;2,644340174508931;3,2502430819201757;3,957993308384721;4,136682857717048;4,091259986098939;3,634037848817138;3,0476106175151263;2,5037886498390085;1,9993555850187354;1,9575196907270573;2,0366834695395992;2,487674388951088;2,9499375496691704;3,498163815069513;4,086058335845094;4,0308592412608775;3,8534415345162496;3,1694080397622497;2,7070844753042316;2,373827526800181;1,8819048203820643;2,110211919583413;2,172054728496472;2,9585275647169484;3,481215882283397;3,762544466741998;3,882834227643105;3,9055215416738673;3,4886487404001834;3,0776968124960216;2,5056895788271323;2,188362010383172;1,9374735222677881;2,207890505584776;2,603200765626848;3,0534841385860942;3,693706597044147;3,9027838469482754;4,090563601495076;3,8284903884785413;3,1892882356776955;2,809462392966586;2,350532191262586;2,077125326391876;2,102593617551707;2,33589143905071;2,840931895763662;3,319675223066209;3,6963647193933724;3,7843826900966175;3,975608992248432;3,5283511640647367;2,9418977265414377;2,5338430495625803;2,1525067185075493;2,079488411209719;2,274194998318216;2,718189096066716;3,025285094965804;3,401080970182156;3,9616818868207275;3,932794350288205;3,8343202101913336;3,3175415528856913;2,944476769707176;2,363388013315279;2,0646029037501323;2,1974477118605935;2,425978231482392;2,8723061061937507;3,1892958012586785;;Random array std;0,08;Random array mean;3,0;First periodicity Guide std;0,8446;First periodicity Guide mean;0,0018;Random array + First periodicity std;0,8418;Random array + First periodicity mean;3,0018;Second periodicity Guide std;0,2111;Second periodicity Guide mean;0,0064;Random array + First periodicity + Second periodicity std;0,8695;Random array + First periodicity + Second periodicity mean;3,0082
2,908582621158835;3,7564702065340807;4,446343076183597;4,437435762912787;4,173635499547501;3,6149873691420087;2,7484448421486216;2,0777205913411882;1,5633340998897687;1,6224111240675818;1,97420976849604;2,8335441845656555;3,4628421457195016;4,207549468446664;4,543037983202792;4,367466072958715;3,7190530559020214;3,0121413921596463;2,271308851642972;1,6265814175170425;1,6603504005196608;1,780717146244887;2,3228738320855733;3,152249482386736;3,972539862115783;4,482608461058618;4,25092873798488;4,1733477662202265;3,231994997938598;2,4683751415663493;1,79245121076358;1,460456621674047;1,6034248097541413;2,1845837099164447;2,952819473367076;3,7643740561924477;4,309922540555736;4,4600323332001155;4,117144507027405;3,4548266933883682;2,79342332980256;2,0925072110665903;1,6770949881828379;1,5744522288846654;2,0954511731065937;2,684731418805223;3,4866464300408126;4,079544234527107;4,277074920508719;4,397032352598216;3,6561625851852724;2,799447680590332;2,4322974954300043;1,814945410984506;1,7551732393478645;2,082080580179696;2,5084812202778473;3,0957373713428074;3,9861316845508723;4,162818704079397;4,305731121668031;3,9010567242390257;3,3573059550882305;2,6008609514755388;2,0410401205928137;1,7746575106419442;1,9043243132884824;2,2614248006444004;2,9040424569315233;3,5690757260674624;4,162553709979894;4,2300935159970745;4,060776942910952;3,5198053976446553;2,891135137857598;2,1768801795768296;1,7495989668540588;1,767035455034106;1,9712380358179646;2,644391880880882;3,260143872402653;3,8826190592013003;4,1212505474199785;4,08989304905851;3,7123345775935728;3,1075408439637946;2,4473380926946047;2,072969406088887;1,7948414289895793;2,0646160083082;2,5234077060966587;2,996124315689901;3,6747487276006563;4,013608129725657;4,1931893864140735;3,965780405028387;3,537564682702236;2,7872835359497135;2,2654997281416716;1,9594415063498072;1,9632393123794127;2,3306166232158962;2,723369277861191;3,4752265147227543;3,81982731615709;4,231855229102059;4,019789250812055;3,560370581396138;3,08483523864281;2,5458798850833;1,9578156036612404;1,8993287081077492;2,198742398690231;2,517338157281793;3,074401291432878;3,677879167774117;3,8455814907056185;3,95547974111503;3,6665614694394915;3,3318745873966944;2,892675016041693;2,282784394795202;2,05525237275601;2,044528146975259;2,35216462024344;2,778642101607499;3,425693508752869;3,6051501545488738;4,078840500969174;3,7844067608018257;3,5918147669805616;2,892954599216212;2,619609688424648;2,0987703696299937;1,9918174307212049;2,2275457763205226;2,544500947105388;2,9969808941906693;3,330857355482697;3,889421535553506;3,926971057787296;3,6240800716777413;3,249808088508835;2,800619606580608;2,591907690393473;2,196016718194544;2,243279583537559;2,3812087883747153;2,7250420356560183;3,4466009932393873;;Random array std;0,08;Random array mean;3,0;First periodicity Guide std;0,8446;First periodicity Guide mean;0,0018;Random array + First periodicity std;0,8512;Random array + First periodicity mean;3,0018;Second periodicity Guide std;0,2111;Second periodicity Guide mean;0,0064;Random array + First periodicity + Second periodicity std;0,8769;Random array + First periodicity + Second periodicity mean;3,0082
